image_id,dx,p_mel,p_nv,p_vasc
1,nv,0.089737155,0.9035529,0.0067099305
2,nv,0.09138756,0.8862655,0.022346929
3,nv,0.41637248,0.5784842,0.0051433356
4,mel,0.6856721,0.30675685,0.007571044
5,mel,0.9273136,0.067554794,0.005131603
6,mel,0.7593843,0.21113472,0.029481037
7,vasc,0.010810973,0.43267238,0.55651665
8,vasc,0.0012401406,0.03286063,0.9658992
9,vasc,0.008671492,0.035060793,0.9562677
10,nv,0.21104404,0.7162486,0.072707355
11,nv,0.11451719,0.8696501,0.015832637
12,vasc,0.015568353,0.017332517,0.96709913
13,mel,0.8898716,0.08704003,0.023088394
14,nv,0.24485049,0.7492144,0.005935108
15,vasc,0.030354552,0.02299709,0.94664836
16,vasc,0.017598804,0.03000689,0.9523943
17,nv,0.14604332,0.8414215,0.012535195
18,mel,0.85346615,0.13246603,0.014067767
19,nv,0.4667397,0.5255976,0.0076627233
20,nv,0.3505402,0.64575446,0.0037054075
21,mel,0.603089,0.3927844,0.0041266284
22,mel,0.5462138,0.44986618,0.003920039
23,mel,0.6073466,0.38004616,0.012607213
24,vasc,0.18162605,0.18133192,0.63704205
25,nv,0.18348745,0.80738235,0.009130269
26,mel,0.73787254,0.2527157,0.0094117
27,nv,0.08202334,0.83264023,0.08533648
28,nv,0.15744637,0.8301513,0.01240232
29,mel,0.85821545,0.11432136,0.027463222
30,mel,0.73410094,0.2567142,0.009184811
31,vasc,0.008183768,0.31029838,0.68151784
32,nv,0.37187698,0.6196876,0.008435355
33,nv,0.16000468,0.8325766,0.007418756
34,nv,0.32557452,0.6224742,0.051951274
35,mel,0.90011275,0.095680274,0.0042070276
36,mel,0.9437528,0.051280033,0.004967126
37,mel,0.92415005,0.07002168,0.005828273
38,mel,0.9389664,0.05638954,0.0046440493
39,mel,0.6987896,0.2739846,0.027225815
40,nv,0.42123497,0.5708591,0.007905941
41,mel,0.80231386,0.1898941,0.007792023
42,vasc,0.00090230774,0.019698607,0.9793991
43,nv,0.1531192,0.8183297,0.028551081
44,nv,0.061111387,0.87991637,0.058972217
45,mel,0.72018176,0.24250011,0.037318192
46,vasc,0.03192562,0.020878077,0.9471963
47,nv,0.023263311,0.6684167,0.30832
48,nv,0.23027615,0.75681925,0.012904556
49,mel,0.7548911,0.23567024,0.0094386125
50,nv,0.032121025,0.9577714,0.0101075955
51,mel,0.68333006,0.29379734,0.022872552
52,vasc,0.0032077248,0.022086758,0.9747055
53,nv,0.13840792,0.85325956,0.008332563
54,mel,0.5519998,0.44025972,0.007740429
55,nv,0.47613993,0.5083701,0.015489979
56,nv,0.17058246,0.8048525,0.024565015
57,mel,0.5307727,0.45989615,0.009331165
58,nv,0.38460478,0.6062903,0.00910499
59,vasc,0.003981182,0.05657559,0.93944323
60,nv,0.07569582,0.91523737,0.009066842
61,mel,0.880076,0.11352201,0.006402031
62,nv,0.02382941,0.953163,0.023007583
63,nv,0.07818038,0.8986423,0.023177339
64,nv,0.15325883,0.8335787,0.013162476
65,nv,0.31079525,0.68315995,0.0060447766
66,mel,0.93296564,0.063578665,0.0034556969
67,nv,0.022135813,0.9742832,0.0035809968
68,vasc,0.009030767,0.035888784,0.95508045
69,nv,0.29958236,0.6929688,0.007448852
70,mel,0.8764064,0.119382694,0.0042109205
71,nv,0.1477904,0.68254405,0.16966555
72,mel,0.78221977,0.20148225,0.01629802
73,mel,0.6746535,0.2804381,0.044908453
74,nv,0.08025375,0.90393233,0.015813872
75,mel,0.824676,0.16533048,0.009993553
76,mel,0.87039655,0.11853898,0.0110644875
77,nv,0.19986387,0.7571555,0.042980667
78,mel,0.87209976,0.123020835,0.0048793936
79,mel,0.939461,0.055301763,0.0052372734
80,mel,0.9439292,0.051737394,0.004333411
81,nv,0.10071196,0.8860069,0.013281147
82,nv,0.21835405,0.7354797,0.046166234
83,nv,0.44776514,0.539804,0.012430884
84,vasc,0.050932582,0.066402435,0.882665
85,vasc,0.0020774724,0.03713553,0.960787
86,nv,0.058291096,0.93069446,0.011014444
87,mel,0.9601194,0.026813405,0.013067169
88,nv,0.31385753,0.66916186,0.01698059
89,vasc,0.00047423667,0.00833229,0.9911935
90,nv,0.12814476,0.863364,0.008491287
91,mel,0.6064709,0.3902836,0.0032455195
92,mel,0.95145935,0.04306783,0.0054728524
93,mel,0.9780512,0.017763434,0.0041853786
94,nv,0.03779349,0.91878724,0.04341922
95,nv,0.01813324,0.80831885,0.17354794
96,vasc,0.000714547,0.007903271,0.9913822
97,mel,0.91423297,0.0802236,0.0055434727
98,nv,0.090248,0.89761233,0.0121397
99,nv,0.0256972,0.93043673,0.04386609
100,mel,0.9326143,0.06296153,0.004424161
101,nv,0.21699762,0.7777818,0.0052205813
102,nv,0.1945014,0.7396193,0.06587931
103,mel,0.92683536,0.06796473,0.0051999292
104,mel,0.86281943,0.10918647,0.027994087
105,mel,0.77838403,0.20970674,0.011909235
106,mel,0.95130926,0.04489587,0.0037948524
107,nv,0.08092582,0.9087907,0.010283442
108,nv,0.12505484,0.83263963,0.042305537
109,mel,0.7905143,0.2012219,0.008263818
110,mel,0.92014396,0.07396461,0.005891443
111,nv,0.4683004,0.52758604,0.004113561
112,nv,0.09510164,0.89520764,0.009690709
113,vasc,0.00464481,0.030051827,0.96530336
114,mel,0.5897158,0.39444116,0.015843056
115,mel,0.6056659,0.39051223,0.0038217958
116,nv,0.24076615,0.75180846,0.007425367
117,nv,0.09373468,0.8790472,0.02721811
118,nv,0.18037722,0.80855626,0.011066497
119,mel,0.84123987,0.12724788,0.03151227
120,nv,0.2040903,0.77715296,0.018756736
121,nv,0.117063545,0.8466606,0.03627586
122,mel,0.8663319,0.12599245,0.0076756673
123,mel,0.89014184,0.10572029,0.00413788
124,mel,0.5874816,0.38438007,0.028138345
125,nv,0.10374177,0.89126354,0.0049946816
126,nv,0.093079,0.88484913,0.022071823
127,vasc,0.0075770053,0.005963739,0.98645926
128,mel,0.8739865,0.119287655,0.006725878
129,nv,0.36612508,0.62483025,0.009044711
130,nv,0.073818386,0.9201231,0.0060585416
131,mel,0.96598405,0.029675344,0.0043405723
132,nv,0.060738556,0.8955149,0.04374651
133,nv,0.06334066,0.921202,0.015457326
134,mel,0.90880424,0.08228602,0.008909775
135,nv,0.24319655,0.7477233,0.009080154
136,mel,0.9172764,0.07121418,0.011509429
137,mel,0.58562475,0.40663096,0.0077442946
138,mel,0.6850207,0.30639917,0.008580126
139,nv,0.0962595,0.89466274,0.009077799
140,mel,0.9701268,0.024432171,0.005441042
141,vasc,0.0004970898,0.009099258,0.99040365
142,vasc,0.00019756364,0.00781038,0.99199206
143,vasc,0.0016523958,0.01250174,0.98584586
144,nv,0.15216735,0.8392316,0.00860106
145,nv,0.11069796,0.8790357,0.010266285
146,nv,0.021779312,0.96222234,0.015998363
147,nv,0.16749708,0.8259942,0.0065087024
148,mel,0.9673021,0.01984437,0.012853586
149,nv,0.16950028,0.821161,0.009338754
150,nv,0.16922247,0.7986313,0.032146245
151,vasc,0.0009730269,0.016829807,0.98219717
152,vasc,0.0012256564,0.012903088,0.98587126
153,nv,0.15657564,0.82887846,0.014545897
154,nv,0.4647906,0.5293871,0.0058223247
155,nv,0.039800182,0.9312351,0.02896478
156,nv,0.14507893,0.8081168,0.046804223
157,vasc,0.00030325734,0.0068109743,0.99288577
158,mel,0.9084529,0.08515386,0.0063931993
159,nv,0.14957637,0.83804667,0.01237694
160,nv,0.054480933,0.93911684,0.0064022345
161,vasc,0.0005065488,0.0077366545,0.9917568
162,mel,0.9478058,0.04620301,0.005991156
163,mel,0.7277945,0.2608099,0.011395577
164,vasc,0.034633115,0.013779386,0.9515875
165,nv,0.24975741,0.7266839,0.023558674
166,nv,0.08034364,0.90702844,0.012627898
167,mel,0.9381739,0.04415421,0.017671933
168,nv,0.06747096,0.92029846,0.01223055
169,vasc,0.0027245192,0.037764616,0.95951086
170,nv,0.15975843,0.8334837,0.006757841
171,nv,0.07341725,0.916076,0.010506774
172,nv,0.13579623,0.85414946,0.010054301
173,nv,0.22003749,0.66530234,0.114660226
174,nv,0.26779148,0.71146417,0.020744372
175,mel,0.6958734,0.29924074,0.0048858393
176,vasc,0.0003097002,0.007961219,0.9917291
177,mel,0.7184675,0.26811898,0.013413569
178,nv,0.429314,0.56025565,0.010430306
179,mel,0.86749214,0.121732175,0.010775689
180,vasc,0.02617677,0.05091886,0.9229044
181,nv,0.050111875,0.84645605,0.10343204
182,nv,0.12246239,0.85461694,0.022920672
183,mel,0.7729469,0.22008727,0.00696588
184,mel,0.7801192,0.21213655,0.007744247
185,mel,0.8803706,0.019653792,0.099975586
186,mel,0.7257296,0.26617792,0.008092512
187,nv,0.19613826,0.7797187,0.024143063
188,mel,0.8767554,0.11723213,0.006012455
189,nv,0.26447952,0.5690022,0.16651827
190,nv,0.13458021,0.8400779,0.02534191
191,mel,0.9440299,0.040740963,0.015229101
192,vasc,0.004041691,0.013344567,0.98261374
193,nv,0.0962821,0.84611154,0.057606336
194,vasc,0.0005956116,0.011398214,0.9880062
195,nv,0.12671259,0.75895786,0.114329554
196,mel,0.952815,0.042959917,0.0042250785
197,mel,0.69393665,0.30031243,0.00575089
198,nv,0.19934186,0.7942849,0.0063732895
199,vasc,0.005373664,0.046427302,0.94819903
200,mel,0.7090407,0.18064508,0.110314205
1_aug1,nv,0.060854916,0.928094,0.011051039
1_aug2,nv,0.16334763,0.83040434,0.0062480057
2_aug1,nv,0.21608883,0.7608352,0.023076016
2_aug2,nv,0.14812101,0.828803,0.023076016
3_aug1,mel,0.5536929,0.44145888,0.0048482683
3_aug2,nv,0.1900184,0.8038666,0.006114972
4_aug1,mel,0.49851266,0.49264035,0.008846975
4_aug2,nv,0.49446204,0.496434,0.009103949
5_aug1,mel,0.93889844,0.05570635,0.0053952117
5_aug2,mel,0.9129868,0.079046614,0.007966587
6_aug1,mel,0.66691184,0.14582074,0.18726745
6_aug2,mel,0.5885584,0.38642132,0.025020275
7_aug1,vasc,0.009651353,0.463261,0.5270876
7_aug2,vasc,0.035290267,0.4722307,0.49247903
8_aug1,vasc,0.00076872087,0.03519553,0.96403575
8_aug2,vasc,0.0016371545,0.032474525,0.9658883
9_aug1,vasc,0.0032111716,0.042021662,0.95476717
9_aug2,vasc,0.008628863,0.036857467,0.95451367
10_aug1,nv,0.14469634,0.7921607,0.06314294
10_aug2,mel,0.48206332,0.42319962,0.09473702
11_aug1,nv,0.10944866,0.8755819,0.014969385
11_aug2,nv,0.06002416,0.9221255,0.017850352
12_aug1,vasc,0.036209445,0.04210945,0.9216811
12_aug2,vasc,0.008693401,0.01812696,0.97317964
13_aug1,mel,0.9166229,0.058985308,0.024391815
13_aug2,mel,0.8813363,0.09369187,0.024971815
14_aug1,nv,0.18653335,0.80761147,0.005855229
14_aug2,nv,0.16177222,0.5885758,0.24965198
15_aug1,vasc,0.024048148,0.032799542,0.9431523
15_aug2,vasc,0.025913727,0.02342676,0.9506595
16_aug1,vasc,0.010489731,0.06940803,0.92010224
16_aug2,vasc,0.019823842,0.031147666,0.9490285
17_aug1,nv,0.056460325,0.9316933,0.011846359
17_aug2,nv,0.066116765,0.92196864,0.011914601
18_aug1,mel,0.6954873,0.2963781,0.008134541
18_aug2,mel,0.8128048,0.17638373,0.010811419
19_aug1,mel,0.5732981,0.41883832,0.007863515
19_aug2,nv,0.35750163,0.6352803,0.007218059
20_aug1,nv,0.3778074,0.6184156,0.003776974
20_aug2,nv,0.27603796,0.7194057,0.0045563276
21_aug1,mel,0.753947,0.24184269,0.0042103706
21_aug2,mel,0.91545296,0.077296,0.007251016
22_aug1,nv,0.30181357,0.6942664,0.003920039
22_aug2,nv,0.2962841,0.69946843,0.00424744
23_aug1,mel,0.3630341,0.29099172,0.3459742
23_aug2,mel,0.68400633,0.3024686,0.013525085
24_aug1,vasc,0.21044295,0.18751696,0.6020401
24_aug2,vasc,0.18695596,0.15548697,0.6575571
25_aug1,nv,0.0952998,0.8898414,0.014858812
25_aug2,nv,0.21248482,0.7783849,0.009130269
26_aug1,nv,0.39075172,0.5997349,0.009513365
26_aug2,nv,0.3430696,0.6475187,0.0094117
27_aug1,nv,0.02595368,0.5425684,0.43147787
27_aug2,nv,0.023168849,0.56060505,0.4162261
28_aug1,nv,0.23425557,0.75275964,0.012984808
28_aug2,nv,0.3669969,0.62191826,0.011084855
29_aug1,mel,0.9082822,0.07126055,0.020457271
29_aug2,mel,0.6875591,0.0714785,0.24096236
30_aug1,mel,0.7902806,0.20103268,0.00868673
30_aug2,vasc,0.34122342,0.043847438,0.61492914
31_aug1,vasc,0.0122736925,0.37782374,0.60990256
31_aug2,vasc,0.011798413,0.44469675,0.54350483
32_aug1,nv,0.39558586,0.59597874,0.008435355
32_aug2,nv,0.23419437,0.7567908,0.009014766
33_aug1,nv,0.15191633,0.8430051,0.0050785528
33_aug2,nv,0.12847504,0.8668562,0.0046687312
34_aug1,nv,0.09305423,0.8533532,0.05359254
34_aug2,nv,0.14781083,0.7992877,0.052901503
35_aug1,mel,0.7832985,0.20752773,0.009173778
35_aug2,mel,0.90011275,0.095680274,0.0042070276
36_aug1,mel,0.90645957,0.08698404,0.006556393
36_aug2,mel,0.8965192,0.09853955,0.004941236
37_aug1,mel,0.91639566,0.07753531,0.0060689766
37_aug2,mel,0.9151621,0.07776471,0.007073209
38_aug1,mel,0.91495323,0.079592325,0.005454472
38_aug2,mel,0.9364679,0.058467917,0.0050641624
39_aug1,mel,0.6786154,0.29296482,0.028419793
39_aug2,mel,0.65327096,0.31950322,0.027225815
40_aug1,mel,0.73816943,0.2478062,0.0140243685
40_aug2,mel,0.49874517,0.49385452,0.0074003446
41_aug1,nv,0.4580369,0.53427035,0.0076927454
41_aug2,mel,0.6055163,0.39117178,0.0033119284
42_aug1,vasc,0.0006569181,0.025958046,0.97338504
42_aug2,vasc,0.0009932044,0.019724237,0.97928256
43_aug1,nv,0.05779534,0.917116,0.02508868
43_aug2,nv,0.06489181,0.90758115,0.027527055
44_aug1,nv,0.1524831,0.77785575,0.069661126
44_aug2,nv,0.16525012,0.7740566,0.060693268
45_aug1,mel,0.72232413,0.24322149,0.034454383
45_aug2,mel,0.8034716,0.15325864,0.043269772
46_aug1,vasc,0.011805069,0.03615688,0.95203805
46_aug2,vasc,0.021047233,0.04889196,0.9300608
47_aug1,nv,0.020999044,0.7845929,0.19440806
47_aug2,nv,0.02592565,0.6657544,0.30832
48_aug1,nv,0.19483884,0.7922566,0.012904556
48_aug2,nv,0.22671926,0.76037616,0.012904556
49_aug1,mel,0.56002223,0.42861226,0.011365533
49_aug2,mel,0.69880795,0.28730592,0.013886118
50_aug1,nv,0.024878543,0.9665224,0.008599069
50_aug2,nv,0.055572256,0.92945576,0.014971974
51_aug1,mel,0.6712921,0.30910048,0.019607374
51_aug2,mel,0.76390773,0.20224209,0.03385022
52_aug1,vasc,0.06395893,0.39341462,0.54262644
52_aug2,vasc,0.008599325,0.032019094,0.9593816
53_aug1,nv,0.06614546,0.9233955,0.010458989
53_aug2,nv,0.078124255,0.7274789,0.19439688
54_aug1,nv,0.4405429,0.55347764,0.0059794514
54_aug2,mel,0.7290775,0.23486003,0.036062498
55_aug1,nv,0.47173092,0.5135286,0.014740451
55_aug2,mel,0.6290446,0.34745255,0.023502862
56_aug1,nv,0.21602781,0.7604241,0.023548141
56_aug2,nv,0.15371814,0.80737597,0.03890592
57_aug1,nv,0.447881,0.54250073,0.009618296
57_aug2,nv,0.36955935,0.61412716,0.016313493
58_aug1,nv,0.07358295,0.74391085,0.18250617
58_aug2,nv,0.30306438,0.6888685,0.008067138
59_aug1,vasc,0.0023196223,0.06698705,0.9306933
59_aug2,vasc,0.010473769,0.054364104,0.9351621
60_aug1,nv,0.05157617,0.93958277,0.008841018
60_aug2,nv,0.066878945,0.92425376,0.008867273
61_aug1,mel,0.90845126,0.08316865,0.00838014
61_aug2,mel,0.8530531,0.1395848,0.0073621413
62_aug1,nv,0.02364539,0.9503174,0.026037235
62_aug2,nv,0.020693352,0.94411826,0.035188403
63_aug1,nv,0.101600885,0.8752218,0.023177339
63_aug2,nv,0.111586295,0.86479944,0.023614302
64_aug1,nv,0.1122306,0.8752453,0.01252414
64_aug2,nv,0.12759635,0.8599716,0.0124320965
65_aug1,nv,0.16660416,0.81637037,0.017025499
65_aug2,nv,0.33606052,0.6573762,0.006563264
66_aug1,mel,0.7580139,0.23828773,0.0036983308
66_aug2,mel,0.8461695,0.150197,0.0036335294
67_aug1,nv,0.022346498,0.9738883,0.0037652527
67_aug2,nv,0.042195264,0.95138097,0.0064237434
68_aug1,vasc,0.013500121,0.033679817,0.95282006
68_aug2,vasc,0.015062032,0.06753039,0.9174076
69_aug1,nv,0.11265149,0.87991023,0.007438326
69_aug2,nv,0.093433455,0.8991626,0.0074039637
70_aug1,mel,0.8756506,0.11948833,0.0048610535
70_aug2,mel,0.81403977,0.17923597,0.006724266
71_aug1,nv,0.16193476,0.6683997,0.16966555
71_aug2,nv,0.16474415,0.6655903,0.16966555
72_aug1,mel,0.7177522,0.26642668,0.015821086
72_aug2,mel,0.50408363,0.47882828,0.01708804
73_aug1,mel,0.6907866,0.1991185,0.11009491
73_aug2,mel,0.49362755,0.46146402,0.044908453
74_aug1,nv,0.100219406,0.87999135,0.019789197
74_aug2,nv,0.0527297,0.938199,0.009071298
75_aug1,mel,0.59877884,0.39264223,0.008578917
75_aug2,mel,0.8409041,0.1503177,0.008778217
76_aug1,mel,0.8176012,0.17014253,0.0122562805
76_aug2,mel,0.8940665,0.093234085,0.012699418
77_aug1,nv,0.12601897,0.8338621,0.04011886
77_aug2,nv,0.13293071,0.82217216,0.044897147
78_aug1,mel,0.86973953,0.124797344,0.005463149
78_aug2,mel,0.8060357,0.1888342,0.0051301136
79_aug1,mel,0.89743507,0.09649205,0.0060728756
79_aug2,mel,0.94042754,0.054378778,0.005193673
80_aug1,mel,0.91459876,0.08152189,0.0038793064
80_aug2,mel,0.9012143,0.09490598,0.0038796507
81_aug1,nv,0.13478142,0.8571394,0.008079188
81_aug2,nv,0.17994876,0.80976874,0.010282525
82_aug1,nv,0.20326887,0.7505649,0.046166234
82_aug2,nv,0.21556936,0.7387185,0.04571212
83_aug1,nv,0.21072255,0.6645001,0.124777295
83_aug2,mel,0.6150055,0.37281618,0.012178303
84_aug1,vasc,0.12162176,0.16463158,0.71374667
84_aug2,vasc,0.047325823,0.06170019,0.890974
85_aug1,vasc,0.0011941509,0.045483857,0.953322
85_aug2,vasc,0.0012493001,0.038527027,0.9602237
86_aug1,nv,0.049793243,0.941223,0.008983709
86_aug2,nv,0.060440347,0.9305759,0.008983709
87_aug1,mel,0.95622724,0.030040016,0.0137327975
87_aug2,mel,0.95056194,0.03877084,0.010667291
88_aug1,nv,0.38629523,0.60460854,0.009096218
88_aug2,nv,0.34232825,0.64156175,0.016109984
89_aug1,vasc,0.00043459126,0.008371935,0.9911935
89_aug2,vasc,0.00067906704,0.0086151445,0.9907058
90_aug1,nv,0.061997056,0.9320585,0.0059444015
90_aug2,nv,0.056279164,0.9321995,0.011521343
91_aug1,nv,0.45077682,0.54597765,0.0032455195
91_aug2,nv,0.16042326,0.83602655,0.003550192
92_aug1,mel,0.9099879,0.084867455,0.005144597
92_aug2,mel,0.95969594,0.035530083,0.004773951
93_aug1,mel,0.8144225,0.18084493,0.0047325473
93_aug2,mel,0.9541201,0.04156681,0.004313086
94_aug1,nv,0.020809392,0.93664074,0.042549867
94_aug2,nv,0.030574698,0.9064981,0.062927224
95_aug1,nv,0.017059205,0.81295633,0.16998449
95_aug2,nv,0.012882564,0.81713295,0.16998449
96_aug1,vasc,0.00048527255,0.0078689745,0.99164575
96_aug2,vasc,0.0008382662,0.007856085,0.99130565
97_aug1,mel,0.85050625,0.14422111,0.0052726585
97_aug2,mel,0.867085,0.12719163,0.0057233367
98_aug1,nv,0.08761435,0.9042284,0.008157256
98_aug2,nv,0.10126447,0.8863833,0.0123522505
99_aug1,nv,0.0365129,0.9347124,0.02877467
99_aug2,nv,0.022651553,0.93547165,0.041876797
100_aug1,mel,0.92473847,0.070609935,0.0046515986
100_aug2,mel,0.95369005,0.041255437,0.0050544487
101_aug1,nv,0.2693547,0.7237756,0.0068696635
101_aug2,nv,0.109713174,0.8844728,0.0058140336
102_aug1,nv,0.22926164,0.70950615,0.06123223
102_aug2,nv,0.09959573,0.83917207,0.06123223
103_aug1,mel,0.85354894,0.114481285,0.031969797
103_aug2,mel,0.82260305,0.1610576,0.016339384
104_aug1,mel,0.87281394,0.107211426,0.019974668
104_aug2,mel,0.8602293,0.09022071,0.04954991
105_aug1,mel,0.81785226,0.16787662,0.014271103
105_aug2,mel,0.5572959,0.43282768,0.009876396
106_aug1,mel,0.8487236,0.14782631,0.0034500952
106_aug2,mel,0.94980955,0.04634405,0.0038464316
107_aug1,nv,0.04875737,0.9426004,0.008642192
107_aug2,nv,0.17983131,0.8098852,0.010283442
108_aug1,nv,0.09156823,0.87195575,0.036475997
108_aug2,nv,0.06357361,0.89511937,0.04130706
109_aug1,mel,0.6301832,0.36185968,0.0079570925
109_aug2,mel,0.72225696,0.2697313,0.008011706
110_aug1,mel,0.90002865,0.094308876,0.0056624664
110_aug2,mel,0.82916784,0.16222993,0.008602191
111_aug1,mel,0.63696045,0.35832652,0.0047129826
111_aug2,nv,0.488614,0.5070447,0.004341329
112_aug1,nv,0.076625176,0.9136841,0.009690709
112_aug2,nv,0.06229911,0.92593575,0.0117651075
113_aug1,vasc,0.021694593,0.052704103,0.9256013
113_aug2,vasc,0.008512156,0.02870713,0.9627807
114_aug1,mel,0.815156,0.17508528,0.009758716
114_aug2,mel,0.66705275,0.29337192,0.03957531
115_aug1,mel,0.6567788,0.3358385,0.007382618
115_aug2,nv,0.4464773,0.54200035,0.011522365
116_aug1,nv,0.44935486,0.5358089,0.014836186
116_aug2,mel,0.50018466,0.49238992,0.007425367
117_aug1,nv,0.09386014,0.8802238,0.025916023
117_aug2,nv,0.10430129,0.85781276,0.037885968
118_aug1,nv,0.07263564,0.9172873,0.01007704
118_aug2,nv,0.2857244,0.7038721,0.010403532
119_aug1,mel,0.83883196,0.12906018,0.032107826
119_aug2,mel,0.8449448,0.12715918,0.027896067
120_aug1,nv,0.11909564,0.8692262,0.011678185
120_aug2,nv,0.18862976,0.7984383,0.012931923
121_aug1,nv,0.12676187,0.760401,0.11283713
121_aug2,nv,0.092736885,0.87596065,0.03130243
122_aug1,mel,0.8403465,0.15335235,0.0063011423
122_aug2,mel,0.83840555,0.15373924,0.00785515
123_aug1,mel,0.81235045,0.18279459,0.0048549683
123_aug2,mel,0.7747352,0.22072855,0.004536235
124_aug1,mel,0.60671175,0.36345932,0.02982895
124_aug2,mel,0.51296157,0.4564565,0.030581899
125_aug1,nv,0.11787726,0.87727606,0.004846686
125_aug2,nv,0.03871999,0.9576214,0.0036585894
126_aug1,vasc,0.027609717,0.37454075,0.59784955
126_aug2,nv,0.07838817,0.8969797,0.024632178
127_aug1,vasc,0.008077815,0.007285758,0.9846364
127_aug2,vasc,0.024797998,0.027666427,0.9475356
128_aug1,mel,0.92483205,0.068575546,0.006592391
128_aug2,mel,0.9039346,0.08947303,0.006592391
129_aug1,nv,0.19075923,0.80049276,0.008747973
129_aug2,nv,0.12146143,0.86949384,0.009044711
130_aug1,nv,0.27186927,0.7219345,0.006196193
130_aug2,nv,0.052395612,0.94088966,0.006714706
131_aug1,mel,0.9498012,0.04433639,0.005862331
131_aug2,mel,0.96585995,0.030011732,0.004128279
132_aug1,vasc,0.02029864,0.21505846,0.7646429
132_aug2,nv,0.041821446,0.9183385,0.03984008
133_aug1,nv,0.12481339,0.8598517,0.015334876
133_aug2,nv,0.09696801,0.88957524,0.013456775
134_aug1,mel,0.89669824,0.09434761,0.0089541
134_aug2,mel,0.85441077,0.13636325,0.009225966
135_aug1,nv,0.27344462,0.69802797,0.028527372
135_aug2,nv,0.35434568,0.636931,0.008723297
136_aug1,mel,0.89855665,0.07063666,0.030806663
136_aug2,mel,0.8820592,0.09151785,0.02642292
137_aug1,mel,0.5103426,0.4820603,0.0075970995
137_aug2,nv,0.47106397,0.52070385,0.008232192
138_aug1,mel,0.89725727,0.09400965,0.0087330295
138_aug2,mel,0.78813434,0.20466481,0.0072008474
139_aug1,nv,0.07212297,0.92213315,0.0057438873
139_aug2,nv,0.10538744,0.88597673,0.008635822
140_aug1,mel,0.95071805,0.04243974,0.00684217
140_aug2,mel,0.8224239,0.17100517,0.0065709506
141_aug1,vasc,0.0018387783,0.069091044,0.9290702
141_aug2,vasc,0.00087052817,0.01288229,0.9862472
142_aug1,vasc,0.00019756364,0.00781038,0.99199206
142_aug2,vasc,0.00027905224,0.008043783,0.99167717
143_aug1,vasc,0.0012418708,0.010933212,0.9878249
143_aug2,vasc,0.0013634,0.01191717,0.9867194
144_aug1,nv,0.19553208,0.6238028,0.18066512
144_aug2,nv,0.082425706,0.9129288,0.0046454584
145_aug1,nv,0.09141957,0.9011974,0.0073830546
145_aug2,nv,0.12256869,0.8726966,0.0047347643
146_aug1,nv,0.014934729,0.96854913,0.016516121
146_aug2,nv,0.027113335,0.95527756,0.01760915
147_aug1,nv,0.055243548,0.9365,0.008256407
147_aug2,nv,0.16850519,0.82528436,0.0062104324
148_aug1,mel,0.96163464,0.022004463,0.016360888
148_aug2,mel,0.96834034,0.020664822,0.010994868
149_aug1,nv,0.2734471,0.7165132,0.010039669
149_aug2,nv,0.15964705,0.8291519,0.011201018
150_aug1,nv,0.14502881,0.74106586,0.113905326
150_aug2,nv,0.2086479,0.7553782,0.035973888
151_aug1,vasc,0.0011250713,0.011625733,0.9872492
151_aug2,vasc,0.00068390736,0.015928145,0.98338795
152_aug1,vasc,0.0059885844,0.010121478,0.98388994
152_aug2,vasc,0.0011959474,0.012932797,0.98587126
153_aug1,nv,0.08257329,0.5991186,0.3183081
153_aug2,nv,0.112466775,0.87414765,0.013385618
154_aug1,mel,0.7135364,0.2798836,0.006579977
154_aug2,nv,0.25957164,0.7316617,0.008766648
155_aug1,nv,0.053683966,0.91283745,0.03347856
155_aug2,nv,0.047968376,0.91251874,0.039512847
156_aug1,nv,0.12005025,0.8328788,0.047070924
156_aug2,nv,0.12491999,0.82827574,0.046804223
157_aug1,vasc,0.0012080926,0.059744094,0.9390478
157_aug2,vasc,0.0011165483,0.02664372,0.97223973
158_aug1,mel,0.74851,0.18060537,0.07088467
158_aug2,mel,0.87043357,0.12186517,0.0077012856
159_aug1,nv,0.30721968,0.67801803,0.014762308
159_aug2,nv,0.19031246,0.7774872,0.032200333
160_aug1,nv,0.15118426,0.84233516,0.006480553
160_aug2,nv,0.030705137,0.9621134,0.007181443
161_aug1,vasc,0.00049374613,0.007423777,0.9920825
161_aug2,vasc,0.00073060667,0.017357735,0.98191166
162_aug1,mel,0.89955884,0.08455735,0.015883775
162_aug2,mel,0.90235764,0.09011962,0.007522683
163_aug1,mel,0.5636595,0.4197977,0.016542833
163_aug2,mel,0.79328835,0.19408958,0.012622061
164_aug1,vasc,0.063503996,0.029236836,0.90725917
164_aug2,vasc,0.01973164,0.016240299,0.96402806
165_aug1,nv,0.09407379,0.874819,0.031107232
165_aug2,nv,0.118425384,0.85242456,0.029150069
166_aug1,nv,0.033592034,0.95507336,0.011334591
166_aug2,nv,0.10356359,0.88425446,0.012181951
167_aug1,mel,0.8916822,0.09202495,0.016292885
167_aug2,mel,0.92517585,0.04347471,0.031349506
168_aug1,nv,0.14297529,0.8474756,0.0095491605
168_aug2,nv,0.06790504,0.9213326,0.01076235
169_aug1,vasc,0.00187532,0.0366176,0.9615071
169_aug2,vasc,0.0024911321,0.04737775,0.9501311
170_aug1,nv,0.16282289,0.8248736,0.012303499
170_aug2,nv,0.20752557,0.78671587,0.0057585863
171_aug1,nv,0.07378579,0.9132859,0.01292832
171_aug2,nv,0.060332656,0.92349017,0.016177177
172_aug1,nv,0.2390684,0.7453449,0.015586757
172_aug2,nv,0.15377201,0.8357752,0.010452787
173_aug1,nv,0.18147773,0.8145381,0.00398416
173_aug2,nv,0.09617113,0.79161406,0.11221483
174_aug1,nv,0.21263966,0.76051795,0.026842363
174_aug2,nv,0.23858237,0.74150276,0.019914871
175_aug1,mel,0.6958734,0.29924074,0.0048858393
175_aug2,mel,0.6789166,0.31574836,0.005335074
176_aug1,vasc,0.0002949217,0.008529069,0.991176
176_aug2,vasc,0.00046290585,0.007611795,0.9919253
177_aug1,mel,0.7551607,0.22143586,0.023403486
177_aug2,mel,0.57066923,0.41591722,0.013413569
178_aug1,nv,0.41633326,0.57261294,0.0110538015
178_aug2,nv,0.41806424,0.57359105,0.008344699
179_aug1,mel,0.8010919,0.18548891,0.013419123
179_aug2,mel,0.86547464,0.1235324,0.010992944
180_aug1,vasc,0.023148615,0.054896038,0.92195535
180_aug2,vasc,0.02468141,0.052844267,0.9224743
181_aug1,nv,0.07815119,0.7647785,0.15707032
181_aug2,nv,0.03327712,0.78530127,0.18142165
182_aug1,nv,0.19789056,0.73980576,0.062303655
182_aug2,vasc,0.10032155,0.3609145,0.53876394
183_aug1,mel,0.53704256,0.45602286,0.006934582
183_aug2,mel,0.6268331,0.3661346,0.007032307
184_aug1,mel,0.6578107,0.3342096,0.007979675
184_aug2,mel,0.7994133,0.19567879,0.0049078898
185_aug1,mel,0.8591389,0.023880558,0.11698054
185_aug2,vasc,0.44535443,0.010069635,0.5445759
186_aug1,mel,0.60793936,0.38349062,0.008570096
186_aug2,mel,0.7124699,0.27943763,0.008092512
187_aug1,nv,0.08643712,0.89173687,0.021826033
187_aug2,nv,0.19651535,0.78121775,0.02226693
188_aug1,mel,0.67856807,0.31729686,0.0041350597
188_aug2,mel,0.8927755,0.10090354,0.0063210255
189_aug1,nv,0.3298359,0.5368522,0.13331193
189_aug2,nv,0.24251775,0.6031489,0.15433335
190_aug1,nv,0.1403027,0.7469742,0.11272313
190_aug2,nv,0.14853546,0.8261226,0.02534191
191_aug1,mel,0.9465427,0.038959805,0.014497522
191_aug2,mel,0.8851002,0.09821913,0.016680652
192_aug1,vasc,0.0017545768,0.015665716,0.9825797
192_aug2,vasc,0.004359619,0.013445063,0.9821953
193_aug1,nv,0.06876726,0.87402725,0.057205506
193_aug2,nv,0.09379009,0.849472,0.05673787
194_aug1,vasc,0.0009107905,0.011083035,0.9880062
194_aug2,vasc,0.0008357994,0.013848758,0.98531544
195_aug1,nv,0.06235014,0.82928336,0.108366504
195_aug2,nv,0.041056234,0.8465652,0.1123786
196_aug1,mel,0.95496315,0.037733365,0.0073035457
196_aug2,mel,0.94258183,0.052434668,0.0049834563
197_aug1,mel,0.58403146,0.41052935,0.005439167
197_aug2,nv,0.43612242,0.5565212,0.0073564216
198_aug1,nv,0.14496331,0.84552944,0.00950726
198_aug2,nv,0.17221913,0.8217806,0.006000194
199_aug1,vasc,0.013572133,0.052593075,0.9338348
199_aug2,vasc,0.013036801,0.047884986,0.9390782
200_aug1,mel,0.6912248,0.22451745,0.08425776
200_aug2,mel,0.6549162,0.27859208,0.06649171
