feature_set,n_blocks,mask_mode,classifier,classifier_params,k_features,n_features,accuracy,macro_f1,balanced_accuracy
contrast+abcd_v2+boundary,3,raw,xgb,"n=150,d=2,lr=0.05",100,79,0.74,0.76314886850907,0.7837037037037037
contrast+abcd_v2+boundary,3,raw,xgb,"n=150,d=2,lr=0.05",all,79,0.74,0.76314886850907,0.7837037037037037
all+abcd_v2+melnv,3,raw,xgb,"n=300,d=3,lr=0.03",100,207,0.7383333333333333,0.7634684805538013,0.7764550264550264
all+abcd_v2+boundary+melnv,4,raw,xgb,"n=150,d=2,lr=0.05",all,225,0.7366666666666667,0.7626012599742339,0.7762962962962963
all+contrast+abcd_v2+melnv,4,raw,xgb,"n=300,d=3,lr=0.03",all,241,0.7466666666666667,0.7657751706767416,0.7761375661375661
all+abcd_v2+boundary+melnv,4,raw,xgb,"n=300,d=3,lr=0.03",100,225,0.7383333333333333,0.7622722563747951,0.7759788359788361
contrast+abcd_v2,2,raw,xgb,"n=150,d=2,lr=0.05",100,61,0.73,0.7559674062264735,0.7734920634920636
contrast+abcd_v2,2,raw,xgb,"n=150,d=2,lr=0.05",all,61,0.73,0.7559674062264735,0.7734920634920636
all+contrast+abcd_v2+boundary+melnv,5,raw,xgb,"n=300,d=3,lr=0.03",100,259,0.74,0.7607170077712347,0.7733333333333333
all+contrast+abcd_v2+melnv,4,raw,xgb,"n=150,d=2,lr=0.05",100,241,0.7383333333333333,0.7604100191903959,0.7726984126984128
all+abcd_v2+melnv,3,raw,xgb,"n=150,d=2,lr=0.05",100,207,0.7283333333333334,0.75649501582887,0.7712169312169314
all+contrast+abcd_v2+boundary+melnv,5,raw,xgb,"n=150,d=2,lr=0.05",all,259,0.7416666666666667,0.7620225175761047,0.771164021164021
all+contrast+abcd_v2,3,raw,xgb,"n=300,d=3,lr=0.03",all,164,0.7416666666666667,0.7591298980970342,0.7702116402116402
all+contrast+abcd_v2+boundary+melnv,5,raw,xgb,"n=150,d=2,lr=0.05",100,259,0.7316666666666667,0.7552213007349314,0.7694179894179894
all+contrast+abcd_v2+melnv,4,raw,xgb,"n=200,d=3,lr=0.05",100,241,0.7383333333333333,0.7599127685988599,0.7691534391534391
contrast+abcd_v2+boundary,3,raw,xgb,"n=200,d=3,lr=0.05",100,79,0.7283333333333334,0.7575339891126146,0.768835978835979
contrast+abcd_v2+boundary,3,raw,xgb,"n=200,d=3,lr=0.05",all,79,0.7283333333333334,0.7575339891126146,0.768835978835979
all+contrast+abcd_v2,3,raw,xgb,"n=200,d=3,lr=0.05",all,164,0.7433333333333333,0.7610460510116511,0.7687301587301588
all+contrast+abcd_v2+melnv,4,raw,xgb,"n=150,d=2,lr=0.05",all,241,0.7416666666666667,0.7605961190828218,0.768095238095238
all+abcd_v2+boundary+melnv,4,raw,xgb,"n=300,d=3,lr=0.03",all,225,0.7366666666666667,0.758687717511247,0.7675661375661376
all+contrast+abcd_v2+melnv,4,raw,xgb,"n=300,d=3,lr=0.03",100,241,0.735,0.7564540854944318,0.7664550264550264
all+contrast+abcd_v2+boundary+melnv,5,raw,xgb,"n=200,d=3,lr=0.05",100,259,0.7316666666666667,0.7580801216061088,0.7663492063492064
contrast+abcd_v2,2,raw,xgb,"n=300,d=3,lr=0.03",100,61,0.7316666666666667,0.7568385146950819,0.7663492063492064
contrast+abcd_v2,2,raw,xgb,"n=300,d=3,lr=0.03",all,61,0.7316666666666667,0.7568385146950819,0.7663492063492064
all+abcd_v2+boundary+melnv,4,raw,xgb,"n=150,d=2,lr=0.05",100,225,0.725,0.7502962742868071,0.7633333333333333
all+contrast+abcd_v2+boundary,4,raw,xgb,"n=300,d=3,lr=0.03",all,182,0.735,0.7523764814335628,0.7622222222222222
all+abcd_v2+melnv,3,raw,xgb,"n=200,d=3,lr=0.05",100,207,0.7233333333333334,0.7501485226460245,0.761957671957672
all+contrast+abcd_v2+melnv,4,raw,lgbm,"n=300,lv=15,lr=0.05",all,241,0.74,0.7580796658829975,0.7617460317460317
all+contrast+abcd_v2,3,raw,xgb,"n=300,d=3,lr=0.03",100,164,0.7333333333333333,0.7534367663399921,0.7615873015873017
all+contrast+abcd_v2+boundary,4,raw,xgb,"n=300,d=3,lr=0.03",100,182,0.735,0.7544715233356412,0.7605820105820106
contrast+abcd_v2+boundary,3,raw,xgb,"n=300,d=3,lr=0.03",all,79,0.7233333333333334,0.7503187248677227,0.7603174603174603
contrast+abcd_v2+boundary,3,raw,xgb,"n=300,d=3,lr=0.03",100,79,0.7233333333333334,0.7503187248677227,0.7603174603174603
all+abcd_v2+boundary+melnv,4,raw,lgbm,"n=200,lv=7,lr=0.05",100,225,0.7383333333333333,0.7575917173850993,0.7601587301587301
abcd_v2+melnv,2,raw,xgb,"n=150,d=2,lr=0.05",100,104,0.72,0.7439821776663882,0.7597883597883598
all+contrast+abcd_v2+melnv,4,raw,lgbm,"n=200,lv=7,lr=0.05",all,241,0.735,0.7510079664321779,0.7593650793650794
all+abcd_v2+melnv,3,raw,xgb,"n=300,d=3,lr=0.03",all,207,0.7233333333333334,0.7488564273561694,0.7588888888888888
all+contrast+abcd_v2,3,raw,xgb,"n=200,d=3,lr=0.05",100,164,0.7316666666666667,0.7514274135012555,0.7585714285714286
all+contrast+abcd_v2+boundary,4,raw,xgb,"n=150,d=2,lr=0.05",100,182,0.725,0.7452159625789485,0.7581481481481481
contrast+abcd_v2,2,raw,lgbm,"n=300,lv=7,lr=0.03",100,61,0.7233333333333334,0.7470740756492975,0.7579365079365079
contrast+abcd_v2,2,raw,lgbm,"n=300,lv=7,lr=0.03",all,61,0.7233333333333334,0.7470740756492975,0.7579365079365079
all+contrast+abcd_v2+boundary,4,raw,xgb,"n=200,d=3,lr=0.05",all,182,0.73,0.7489721338246559,0.7574603174603175
all+contrast+abcd_v2,3,raw,lgbm,"n=300,lv=7,lr=0.03",100,164,0.7333333333333333,0.7509087950521707,0.7573544973544974
all+contrast+boundary+melnv,4,raw,xgb,"n=150,d=2,lr=0.05",all,232,0.735,0.7499908061941863,0.7570370370370371
all+abcd_v2+melnv,3,raw,xgb,"n=150,d=2,lr=0.05",all,207,0.7233333333333334,0.7472676872009464,0.756084656084656
contrast+abcd_v2+melnv,3,raw,xgb,"n=300,d=3,lr=0.03",100,138,0.7233333333333334,0.7411333566083002,0.7556084656084656
all+contrast+abcd_v2+boundary+melnv,5,raw,xgb,"n=200,d=3,lr=0.05",all,259,0.7366666666666667,0.7513238573021183,0.7552910052910052
all+melnv,2,raw,xgb,"n=200,d=3,lr=0.05",100,180,0.7366666666666667,0.7517214433150596,0.7552910052910052
all+abcd_v2+boundary+melnv,4,raw,lgbm,"n=300,lv=15,lr=0.05",100,225,0.7366666666666667,0.752440060466047,0.7548148148148148
abcd_v2+melnv,2,raw,xgb,"n=150,d=2,lr=0.05",all,104,0.7133333333333334,0.7386382623224729,0.7543915343915343
all+contrast+abcd_v2+melnv,4,raw,xgb,"n=200,d=3,lr=0.05",all,241,0.7283333333333334,0.7483878407649099,0.7542328042328043
all+abcd_v2+boundary+melnv,4,raw,xgb,"n=200,d=3,lr=0.05",all,225,0.7233333333333334,0.7464417843466329,0.7541798941798942
all+contrast+abcd_v2+boundary+melnv,5,raw,lgbm,"n=300,lv=15,lr=0.05",all,259,0.7316666666666667,0.7475545067693331,0.7538095238095238
all+contrast+abcd_v2,3,raw,xgb,"n=150,d=2,lr=0.05",all,164,0.715,0.7377608832502057,0.7538095238095237
all+contrast+melnv,3,raw,xgb,"n=300,d=3,lr=0.03",100,214,0.7383333333333333,0.751552826124208,0.7535978835978835
contrast+abcd_v2,2,raw,lgbm,"n=200,lv=7,lr=0.05",all,61,0.7216666666666667,0.7423705398853239,0.7535449735449736
contrast+abcd_v2,2,raw,lgbm,"n=200,lv=7,lr=0.05",100,61,0.7216666666666667,0.7423705398853239,0.7535449735449736
contrast+abcd_v2+boundary,3,raw,lgbm,"n=300,lv=7,lr=0.03",100,79,0.7116666666666667,0.7388884870487195,0.7534391534391535
contrast+abcd_v2+boundary,3,raw,lgbm,"n=300,lv=7,lr=0.03",all,79,0.7116666666666667,0.7388884870487195,0.7534391534391535
all+contrast+abcd_v2,3,raw,xgb,"n=150,d=2,lr=0.05",100,164,0.72,0.7381709889945687,0.7533862433862434
all+contrast+melnv,3,raw,lgbm,"n=300,lv=7,lr=0.03",100,214,0.7333333333333333,0.7464065768035053,0.7533333333333334
all+contrast+boundary,3,raw,xgb,"n=200,d=3,lr=0.05",all,155,0.74,0.7534179437618257,0.7532804232804233
all+contrast+boundary,3,raw,xgb,"n=200,d=3,lr=0.05",100,155,0.7383333333333333,0.7535392581457222,0.7531216931216932
contrast+abcd_v2+melnv,3,raw,xgb,"n=200,d=3,lr=0.05",100,138,0.72,0.740277719157557,0.7529100529100529
contrast+abcd_v2+melnv,3,raw,xgb,"n=300,d=3,lr=0.03",all,138,0.7283333333333334,0.7487506117496475,0.7528042328042329
contrast+abcd_v2,2,raw,xgb,"n=200,d=3,lr=0.05",100,61,0.7183333333333334,0.7445285944498119,0.7524867724867725
contrast+abcd_v2,2,raw,xgb,"n=200,d=3,lr=0.05",all,61,0.7183333333333334,0.7445285944498119,0.7524867724867725
all+boundary+melnv,3,raw,xgb,"n=200,d=3,lr=0.05",all,198,0.7316666666666667,0.7483462021846558,0.7524338624338625
abcd_v2+boundary+melnv,3,raw,xgb,"n=150,d=2,lr=0.05",100,122,0.71,0.7365811695620407,0.7523809523809524
abcd_v2+melnv,2,raw,xgb,"n=200,d=3,lr=0.05",all,104,0.7216666666666667,0.741740487124444,0.7523809523809524
all+contrast+melnv,3,raw,xgb,"n=150,d=2,lr=0.05",all,214,0.735,0.748359540833022,0.7523280423280424
abcd_v2+melnv,2,raw,xgb,"n=300,d=3,lr=0.03",all,104,0.7183333333333334,0.7429559998539924,0.7517989417989418
abcd_v2+melnv,2,raw,xgb,"n=300,d=3,lr=0.03",100,104,0.7216666666666667,0.7450714382737385,0.7516931216931217
all+contrast+abcd_v2+boundary+melnv,5,raw,lgbm,"n=300,lv=7,lr=0.03",100,259,0.715,0.7386587616226405,0.7514285714285714
all+boundary+melnv,3,raw,xgb,"n=200,d=3,lr=0.05",100,198,0.7283333333333334,0.7433896390033166,0.7513756613756614
all+contrast+abcd_v2,3,raw,lgbm,"n=300,lv=7,lr=0.03",all,164,0.7366666666666667,0.7493983729448846,0.7510582010582011
all+contrast+abcd_v2+boundary+melnv,5,raw,xgb,"n=300,d=3,lr=0.03",all,259,0.7283333333333334,0.7477835103427802,0.7506878306878307
contrast+abcd_v2+boundary+melnv,4,raw,xgb,"n=200,d=3,lr=0.05",100,156,0.7166666666666667,0.7367346938775511,0.7504232804232803
contrast+abcd_v2+boundary+melnv,4,raw,xgb,"n=150,d=2,lr=0.05",all,156,0.7183333333333334,0.7410107854208605,0.7501587301587301
contrast+abcd_v2+melnv,3,raw,xgb,"n=150,d=2,lr=0.05",all,138,0.7216666666666667,0.7421822856605466,0.7500529100529101
all+abcd_v2+boundary+melnv,4,raw,xgb,"n=200,d=3,lr=0.05",100,225,0.7216666666666667,0.7447433295395699,0.75
all+contrast+abcd_v2+boundary,4,raw,lgbm,"n=300,lv=7,lr=0.03",100,182,0.7216666666666667,0.7398812881046384,0.75
contrast+abcd_v2+boundary+melnv,4,raw,xgb,"n=300,d=3,lr=0.03",all,156,0.7183333333333334,0.7431992380470133,0.7498941798941798
all+contrast+boundary,3,raw,lgbm,"n=300,lv=7,lr=0.03",100,155,0.735,0.7453539817248803,0.7497354497354497
abcd_v2+boundary+melnv,3,raw,xgb,"n=300,d=3,lr=0.03",all,122,0.7183333333333334,0.741909357187201,0.7496825396825396
all+contrast+boundary,3,raw,xgb,"n=300,d=3,lr=0.03",100,155,0.7316666666666667,0.74497118083239,0.7491534391534391
contrast+abcd_v2,2,raw,lgbm,"n=300,lv=15,lr=0.05",100,61,0.7233333333333334,0.7460608049160773,0.748994708994709
contrast+abcd_v2,2,raw,lgbm,"n=300,lv=15,lr=0.05",all,61,0.7233333333333334,0.7460608049160773,0.748994708994709
contrast+abcd_v2+melnv,3,raw,xgb,"n=150,d=2,lr=0.05",100,138,0.7133333333333334,0.7365242576517672,0.7489417989417989
all+contrast+melnv,3,raw,xgb,"n=150,d=2,lr=0.05",100,214,0.7266666666666667,0.7432210840291723,0.7488888888888888
all+contrast+abcd_v2+boundary,4,raw,xgb,"n=200,d=3,lr=0.05",100,182,0.7216666666666667,0.7443380386730759,0.7488359788359787
all+contrast+boundary+melnv,4,raw,lgbm,"n=200,lv=7,lr=0.05",100,232,0.7283333333333334,0.7432350900980268,0.7485714285714287
all+boundary+melnv,3,raw,xgb,"n=300,d=3,lr=0.03",100,198,0.725,0.7415530497628037,0.7484656084656085
contrast+abcd_v2+boundary+melnv,4,raw,xgb,"n=150,d=2,lr=0.05",100,156,0.7116666666666667,0.7326148303785919,0.7483068783068783
all+contrast+boundary,3,raw,xgb,"n=150,d=2,lr=0.05",100,155,0.725,0.7412043833554814,0.7482539682539683
all+boundary+melnv,3,raw,xgb,"n=150,d=2,lr=0.05",all,198,0.7266666666666667,0.7408724222948925,0.747936507936508
all+contrast+abcd_v2+melnv,4,raw,lgbm,"n=300,lv=15,lr=0.05",100,241,0.73,0.7461699256340507,0.7477777777777778
all+melnv,2,raw,xgb,"n=300,d=3,lr=0.03",100,180,0.7166666666666667,0.7363542519776208,0.7471428571428572
all+contrast+abcd_v2+melnv,4,raw,lgbm,"n=300,lv=7,lr=0.03",all,241,0.7233333333333334,0.7407991364604717,0.7468783068783069
abcd_v2+melnv,2,raw,xgb,"n=200,d=3,lr=0.05",100,104,0.7133333333333334,0.7345259727788647,0.7468253968253968
all+contrast+abcd_v2+boundary,4,raw,xgb,"n=150,d=2,lr=0.05",all,182,0.7133333333333334,0.7336869840371537,0.7468253968253968
contrast+abcd_v2+boundary+melnv,4,raw,xgb,"n=300,d=3,lr=0.03",100,156,0.7133333333333334,0.7355032378506556,0.7465608465608465
abcd_v2+boundary+melnv,3,raw,xgb,"n=150,d=2,lr=0.05",all,122,0.7033333333333334,0.7306936158805121,0.7462962962962963
all+melnv,2,raw,xgb,"n=300,d=3,lr=0.03",all,180,0.725,0.7393479081651124,0.7458730158730159
all+contrast,2,raw,xgb,"n=300,d=3,lr=0.03",all,137,0.7366666666666667,0.7481984385945405,0.7458730158730159
all+contrast+abcd_v2+boundary,4,raw,lgbm,"n=300,lv=7,lr=0.03",all,182,0.7266666666666667,0.7426005425168062,0.7455555555555556
all+contrast+abcd_v2+melnv,4,raw,lgbm,"n=300,lv=7,lr=0.03",100,241,0.7166666666666667,0.7414790638499204,0.7452380952380953
all+boundary+melnv,3,raw,xgb,"n=300,d=3,lr=0.03",all,198,0.7233333333333334,0.7380952288658378,0.7447619047619048
all+contrast+boundary+melnv,4,raw,lgbm,"n=300,lv=7,lr=0.03",100,232,0.7183333333333334,0.7349024235145903,0.7442328042328042
contrast+boundary+melnv,3,raw,xgb,"n=150,d=2,lr=0.05",all,129,0.725,0.7400344892981736,0.7442328042328041
all+contrast,2,raw,xgb,"n=200,d=3,lr=0.05",all,137,0.7316666666666667,0.7441489199223904,0.7441798941798942
all+melnv,2,raw,xgb,"n=150,d=2,lr=0.05",all,180,0.7216666666666667,0.737840832295506,0.7441269841269841
all+contrast+abcd_v2+boundary,4,raw,lgbm,"n=300,lv=15,lr=0.05",all,182,0.7233333333333334,0.7416916156136374,0.7440211640211641
all+abcd_v2+boundary,3,raw,xgb,"n=300,d=3,lr=0.03",all,148,0.72,0.7383824855961617,0.7439682539682541
contrast+abcd_v2+melnv,3,raw,xgb,"n=200,d=3,lr=0.05",all,138,0.715,0.7354408066422087,0.7429629629629629
all+boundary+melnv,3,raw,lgbm,"n=300,lv=7,lr=0.03",100,198,0.7216666666666667,0.7381471960716194,0.7424338624338626
all+abcd_v2+melnv,3,raw,xgb,"n=200,d=3,lr=0.05",all,207,0.7116666666666667,0.7354815570126036,0.7421693121693121
abcd_v2+boundary,2,raw,xgb,"n=150,d=2,lr=0.05",100,45,0.695,0.7116495364063335,0.7421164021164021
abcd_v2+boundary,2,raw,xgb,"n=150,d=2,lr=0.05",all,45,0.695,0.7116495364063335,0.7421164021164021
all+contrast+boundary+melnv,4,raw,lgbm,"n=300,lv=15,lr=0.05",100,232,0.72,0.7374363276802302,0.7417989417989418
all+contrast,2,raw,lgbm,"n=200,lv=7,lr=0.05",100,137,0.7216666666666667,0.7408621366133296,0.7417460317460317
all+contrast+boundary,3,raw,lgbm,"n=200,lv=7,lr=0.05",all,155,0.73,0.7441541204682265,0.7414285714285714
contrast+abcd_v2+boundary,3,raw,lgbm,"n=300,lv=15,lr=0.05",100,79,0.7066666666666667,0.7340267516899108,0.7408994708994708
contrast+abcd_v2+boundary,3,raw,lgbm,"n=300,lv=15,lr=0.05",all,79,0.7066666666666667,0.7340267516899108,0.7408994708994708
all+abcd_v2,2,raw,xgb,"n=150,d=2,lr=0.05",all,130,0.7033333333333334,0.7213918660213369,0.7408465608465608
all+contrast+boundary,3,raw,lgbm,"n=300,lv=15,lr=0.05",100,155,0.7233333333333334,0.7411233202492733,0.7407407407407408
all+contrast+melnv,3,raw,xgb,"n=200,d=3,lr=0.05",100,214,0.7216666666666667,0.7381201715468073,0.7405820105820107
all+contrast+boundary+melnv,4,raw,lgbm,"n=300,lv=7,lr=0.03",all,232,0.7166666666666667,0.7304996271439225,0.7405291005291006
all+contrast+boundary+melnv,4,raw,xgb,"n=300,d=3,lr=0.03",100,232,0.725,0.7391856874090377,0.7404761904761905
all+contrast,2,raw,lgbm,"n=300,lv=15,lr=0.05",100,137,0.725,0.7435103715746484,0.7404232804232804
all+contrast+abcd_v2,3,raw,lgbm,"n=300,lv=15,lr=0.05",100,164,0.715,0.7364745925830034,0.7398941798941799
all+contrast,2,raw,lgbm,"n=200,lv=7,lr=0.05",all,137,0.7233333333333334,0.7405207187385404,0.7397883597883599
abcd_v2,1,raw,xgb,"n=150,d=2,lr=0.05",100,27,0.6866666666666666,0.7030041251372467,0.7394179894179894
abcd_v2,1,raw,xgb,"n=150,d=2,lr=0.05",all,27,0.6866666666666666,0.7030041251372467,0.7394179894179894
contrast+abcd_v2+melnv,3,raw,lgbm,"n=300,lv=15,lr=0.05",all,138,0.7133333333333334,0.7310252532199849,0.7392592592592592
all+contrast+boundary,3,raw,lgbm,"n=200,lv=7,lr=0.05",100,155,0.7216666666666667,0.7377204063066429,0.7391534391534392
all+boundary+melnv,3,raw,xgb,"n=150,d=2,lr=0.05",100,198,0.7116666666666667,0.7304167304068568,0.7391005291005291
all+abcd_v2+boundary,3,raw,xgb,"n=200,d=3,lr=0.05",all,148,0.7216666666666667,0.7395019438572293,0.7389417989417989
all+contrast,2,raw,lgbm,"n=300,lv=7,lr=0.03",all,137,0.72,0.738642248744012,0.7387301587301588
all+contrast+boundary+melnv,4,raw,xgb,"n=300,d=3,lr=0.03",all,232,0.7233333333333334,0.7359373225978748,0.7386243386243386
all+contrast+boundary+melnv,4,raw,xgb,"n=150,d=2,lr=0.05",100,232,0.7183333333333334,0.7353650334005074,0.7381481481481481
all+abcd_v2+melnv,3,raw,lgbm,"n=300,lv=15,lr=0.05",all,207,0.71,0.7308062874423823,0.7377248677248677
all+abcd_v2+boundary+melnv,4,raw,lgbm,"n=300,lv=7,lr=0.03",100,225,0.7083333333333334,0.7301472530155243,0.7375661375661376
all+abcd_v2+melnv,3,raw,lgbm,"n=300,lv=15,lr=0.05",100,207,0.715,0.7327022613581541,0.7375132275132276
all+contrast+abcd_v2+melnv,4,raw,lgbm,"n=200,lv=7,lr=0.05",100,241,0.7166666666666667,0.7365630816093093,0.7374603174603175
abcd_v2+boundary+melnv,3,raw,xgb,"n=300,d=3,lr=0.03",100,122,0.7066666666666667,0.7303295047264154,0.7374074074074074
all+abcd_v2+boundary,3,raw,xgb,"n=150,d=2,lr=0.05",all,148,0.7033333333333334,0.7212415208630573,0.7370899470899471
all+contrast+boundary,3,raw,xgb,"n=150,d=2,lr=0.05",all,155,0.7166666666666667,0.731307580196726,0.737037037037037
all+contrast+boundary,3,raw,xgb,"n=300,d=3,lr=0.03",all,155,0.7233333333333334,0.7380690041441675,0.736984126984127
all+contrast+abcd_v2+boundary+melnv,5,raw,lgbm,"n=200,lv=7,lr=0.05",all,259,0.7133333333333334,0.731852454864503,0.736878306878307
contrast+abcd_v2+melnv,3,raw,lgbm,"n=300,lv=15,lr=0.05",100,138,0.7166666666666667,0.7284638481180785,0.7367724867724869
all+contrast+melnv,3,raw,lgbm,"n=200,lv=7,lr=0.05",100,214,0.7133333333333334,0.7311479546773665,0.7366666666666667
all+melnv,2,raw,xgb,"n=150,d=2,lr=0.05",100,180,0.7066666666666667,0.7268503746474453,0.7362433862433863
all+abcd_v2,2,raw,xgb,"n=300,d=3,lr=0.03",100,130,0.7183333333333334,0.7358340164177863,0.7362433862433863
all+contrast,2,raw,xgb,"n=200,d=3,lr=0.05",100,137,0.7233333333333334,0.7373706934810561,0.7360317460317459
all+abcd_v2,2,raw,lgbm,"n=300,lv=7,lr=0.03",all,130,0.705,0.7272389276134966,0.7360317460317459
all+melnv,2,raw,lgbm,"n=200,lv=7,lr=0.05",100,180,0.73,0.7363515001834114,0.7359788359788361
all+contrast+abcd_v2+boundary+melnv,5,raw,lgbm,"n=300,lv=7,lr=0.03",all,259,0.7133333333333334,0.7330031555267529,0.7354497354497355
contrast+abcd_v2+melnv,3,raw,lgbm,"n=300,lv=7,lr=0.03",all,138,0.7083333333333334,0.7269729798632043,0.7354497354497355
contrast+abcd_v2+melnv,3,raw,lgbm,"n=200,lv=7,lr=0.05",all,138,0.71,0.7266323746984504,0.7353968253968254
all+contrast+abcd_v2+boundary+melnv,5,raw,lgbm,"n=300,lv=15,lr=0.05",100,259,0.71,0.7309631136638197,0.7351322751322752
all+abcd_v2,2,raw,xgb,"n=300,d=3,lr=0.03",all,130,0.71,0.7314744592939788,0.7347089947089946
all+contrast,2,raw,xgb,"n=300,d=3,lr=0.03",100,137,0.7216666666666667,0.7353791453755155,0.7344444444444443
abcd_v2+boundary+melnv,3,raw,xgb,"n=200,d=3,lr=0.05",all,122,0.7033333333333334,0.7273284017470064,0.7342328042328042
all+contrast,2,raw,lgbm,"n=300,lv=7,lr=0.03",100,137,0.7183333333333334,0.7304190014895227,0.7341269841269842
all+contrast+abcd_v2+boundary+melnv,5,raw,lgbm,"n=200,lv=7,lr=0.05",100,259,0.71,0.7311958442527221,0.7337037037037036
all+contrast+boundary+melnv,4,raw,lgbm,"n=300,lv=15,lr=0.05",all,232,0.7166666666666667,0.7306295079908273,0.7334391534391534
all+contrast+abcd_v2,3,raw,lgbm,"n=200,lv=7,lr=0.05",100,164,0.7116666666666667,0.7296153135749176,0.7334391534391534
all+boundary+melnv,3,raw,lgbm,"n=300,lv=15,lr=0.05",100,198,0.715,0.7288541113204206,0.7332804232804232
all+contrast,2,raw,lgbm,"n=300,lv=15,lr=0.05",all,137,0.7283333333333334,0.7398373983739838,0.7332275132275132
contrast+abcd_v2+boundary+melnv,4,raw,lgbm,"n=200,lv=7,lr=0.05",100,156,0.71,0.7256563869566967,0.733015873015873
all+abcd_v2+boundary+melnv,4,raw,lgbm,"n=300,lv=15,lr=0.05",all,225,0.7016666666666667,0.7240414855671337,0.7328571428571428
contrast+boundary+melnv,3,raw,xgb,"n=150,d=2,lr=0.05",100,129,0.7133333333333334,0.724169874468744,0.7326984126984127
all+contrast+melnv,3,raw,xgb,"n=200,d=3,lr=0.05",all,214,0.7183333333333334,0.7292205913135686,0.7317460317460318
all+abcd_v2+boundary,3,raw,xgb,"n=150,d=2,lr=0.05",100,148,0.6983333333333334,0.7132176438702608,0.7313756613756613
contrast+abcd_v2+boundary,3,raw,lgbm,"n=200,lv=7,lr=0.05",all,79,0.6983333333333334,0.7228160204842782,0.7311111111111112
contrast+abcd_v2+boundary,3,raw,lgbm,"n=200,lv=7,lr=0.05",100,79,0.6983333333333334,0.7228160204842782,0.7311111111111112
all+abcd_v2+boundary,3,raw,xgb,"n=300,d=3,lr=0.03",100,148,0.7116666666666667,0.7294813729825846,0.7308465608465609
all+contrast+boundary,3,raw,lgbm,"n=300,lv=15,lr=0.05",all,155,0.7216666666666667,0.7340049462673042,0.7306878306878306
all+melnv,2,raw,lgbm,"n=300,lv=7,lr=0.03",100,180,0.715,0.7272654315225666,0.7302116402116402
contrast+abcd_v2+boundary+melnv,4,raw,lgbm,"n=300,lv=7,lr=0.03",all,156,0.6983333333333334,0.721105644909933,0.7299470899470899
all+abcd_v2+melnv,3,raw,lgbm,"n=200,lv=7,lr=0.05",100,207,0.71,0.7241075382723562,0.7299470899470899
all+contrast+melnv,3,raw,lgbm,"n=200,lv=7,lr=0.05",all,214,0.7233333333333334,0.7307016460550143,0.7296825396825396
abcd_v2+boundary+melnv,3,raw,lgbm,"n=200,lv=7,lr=0.05",100,122,0.6966666666666667,0.7155990830078833,0.7295238095238096
contrast+abcd_v2+boundary+melnv,4,raw,lgbm,"n=200,lv=7,lr=0.05",all,156,0.6983333333333334,0.720968387354942,0.7294708994708995
contrast+abcd_v2+boundary+melnv,4,raw,lgbm,"n=300,lv=15,lr=0.05",all,156,0.6983333333333334,0.7219471462672605,0.7294708994708995
contrast+abcd_v2+boundary+melnv,4,raw,xgb,"n=200,d=3,lr=0.05",all,156,0.6966666666666667,0.7217158297306047,0.7283597883597883
all+contrast+melnv,3,raw,xgb,"n=300,d=3,lr=0.03",all,214,0.71,0.7241737404657332,0.7278306878306878
all+melnv,2,raw,xgb,"n=200,d=3,lr=0.05",all,180,0.7066666666666667,0.7257459499564763,0.7277248677248677
all+contrast,2,raw,xgb,"n=150,d=2,lr=0.05",100,137,0.71,0.7235745432466744,0.7271428571428572
all+abcd_v2+boundary+melnv,4,raw,lgbm,"n=200,lv=7,lr=0.05",all,225,0.7033333333333334,0.7199792152866348,0.7271428571428572
contrast+melnv,2,raw,xgb,"n=150,d=2,lr=0.05",100,111,0.7116666666666667,0.720729610741328,0.7266137566137566
all+contrast,2,raw,xgb,"n=150,d=2,lr=0.05",all,137,0.7083333333333334,0.7226527926190415,0.7265079365079364
all+contrast+boundary+melnv,4,raw,xgb,"n=200,d=3,lr=0.05",100,232,0.7116666666666667,0.7252504885589556,0.7259259259259259
all+contrast+abcd_v2+boundary,4,raw,lgbm,"n=200,lv=7,lr=0.05",all,182,0.71,0.7258377379519946,0.7257142857142856
all+abcd_v2,2,raw,xgb,"n=150,d=2,lr=0.05",100,130,0.6866666666666666,0.7056569924093105,0.725026455026455
all+contrast+abcd_v2,3,raw,lgbm,"n=200,lv=7,lr=0.05",all,164,0.7133333333333334,0.7253085769460531,0.7246560846560847
abcd_v2+melnv,2,raw,lgbm,"n=300,lv=7,lr=0.03",all,104,0.6983333333333334,0.7148017244364092,0.7245502645502645
all+contrast+melnv,3,raw,lgbm,"n=300,lv=15,lr=0.05",100,214,0.7033333333333334,0.7217635190100772,0.7243386243386244
abcd_v2+boundary+melnv,3,raw,xgb,"n=200,d=3,lr=0.05",100,122,0.695,0.7178236939176176,0.7237037037037037
all+contrast+boundary,3,raw,lgbm,"n=300,lv=7,lr=0.03",all,155,0.7133333333333334,0.7260758726328298,0.7237037037037037
contrast+boundary+melnv,3,raw,lgbm,"n=200,lv=7,lr=0.05",all,129,0.7133333333333334,0.7293920874148861,0.7232275132275131
all+contrast+boundary+melnv,4,raw,xgb,"n=200,d=3,lr=0.05",all,232,0.7133333333333334,0.7238747459996091,0.7232275132275131
all+abcd_v2+melnv,3,raw,lgbm,"n=300,lv=7,lr=0.03",100,207,0.6966666666666667,0.7167975689574568,0.722910052910053
all+contrast+boundary+melnv,4,raw,lgbm,"n=200,lv=7,lr=0.05",all,232,0.7166666666666667,0.7247787884159789,0.7228571428571429
abcd_v2+boundary+melnv,3,raw,lgbm,"n=300,lv=15,lr=0.05",100,122,0.695,0.7127544890736109,0.7227513227513227
all+abcd_v2+boundary,3,raw,xgb,"n=200,d=3,lr=0.05",100,148,0.715,0.7290207243072538,0.7222222222222222
contrast+abcd_v2+melnv,3,raw,lgbm,"n=200,lv=7,lr=0.05",100,138,0.7116666666666667,0.7197197773903375,0.7221164021164022
abcd_v2+boundary+melnv,3,raw,lgbm,"n=200,lv=7,lr=0.05",all,122,0.6966666666666667,0.7175933616214647,0.722010582010582
contrast+boundary+melnv,3,raw,xgb,"n=300,d=3,lr=0.03",100,129,0.7066666666666667,0.7229381915514131,0.7218518518518517
abcd_v2+boundary+melnv,3,raw,lgbm,"n=300,lv=7,lr=0.03",100,122,0.6866666666666666,0.7076233309506567,0.7216931216931216
contrast+melnv,2,raw,xgb,"n=300,d=3,lr=0.03",100,111,0.7183333333333334,0.7277850884253665,0.7216402116402115
all+contrast+abcd_v2,3,raw,lgbm,"n=300,lv=15,lr=0.05",all,164,0.7033333333333334,0.7198239253246461,0.7212698412698413
all+boundary,2,raw,xgb,"n=150,d=2,lr=0.05",100,121,0.705,0.7168717352191654,0.721005291005291
all+abcd_v2+melnv,3,raw,lgbm,"n=200,lv=7,lr=0.05",all,207,0.6983333333333334,0.7155912934746985,0.7209523809523809
all+contrast+melnv,3,raw,lgbm,"n=300,lv=15,lr=0.05",all,214,0.71,0.7213364963170177,0.7207407407407408
contrast+melnv,2,raw,xgb,"n=150,d=2,lr=0.05",all,111,0.715,0.7230127825368191,0.7205820105820105
all+abcd_v2,2,raw,lgbm,"n=300,lv=15,lr=0.05",100,130,0.71,0.7231501131962808,0.7205291005291006
all+melnv,2,raw,lgbm,"n=200,lv=7,lr=0.05",all,180,0.7083333333333334,0.7212863002946969,0.72010582010582
all+abcd_v2+boundary,3,raw,lgbm,"n=300,lv=7,lr=0.03",100,148,0.7033333333333334,0.7173867732691575,0.71984126984127
all+boundary,2,raw,xgb,"n=300,d=3,lr=0.03",all,121,0.7133333333333334,0.7252393485760821,0.7197354497354498
abcd_v2+boundary+melnv,3,raw,lgbm,"n=300,lv=7,lr=0.03",all,122,0.6883333333333334,0.7071911725359792,0.7195238095238096
all+abcd_v2,2,raw,xgb,"n=200,d=3,lr=0.05",100,130,0.7016666666666667,0.7200313087800758,0.7185185185185184
all+boundary,2,raw,xgb,"n=150,d=2,lr=0.05",all,121,0.7066666666666667,0.7169850275124223,0.7183597883597884
all+boundary+melnv,3,raw,lgbm,"n=300,lv=7,lr=0.03",all,198,0.6966666666666667,0.7125202197457438,0.7175132275132275
contrast+melnv,2,raw,lgbm,"n=200,lv=7,lr=0.05",100,111,0.71,0.7225151456289605,0.7174603174603175
all+boundary+melnv,3,raw,lgbm,"n=200,lv=7,lr=0.05",100,198,0.7066666666666667,0.7164393038441549,0.7173544973544974
all+abcd_v2+boundary+melnv,4,raw,lgbm,"n=300,lv=7,lr=0.03",all,225,0.6983333333333334,0.7166252217534291,0.7171957671957673
all+abcd_v2+boundary,3,raw,lgbm,"n=300,lv=15,lr=0.05",100,148,0.7033333333333334,0.7207488534452171,0.7167724867724868
all+boundary+melnv,3,raw,lgbm,"n=200,lv=7,lr=0.05",all,198,0.705,0.7154327687008366,0.7167195767195768
contrast+abcd_v2+melnv,3,raw,lgbm,"n=300,lv=7,lr=0.03",100,138,0.6966666666666667,0.7108526219209308,0.7163492063492063
contrast+melnv,2,raw,lgbm,"n=300,lv=7,lr=0.03",100,111,0.7216666666666667,0.72668375231683,0.7162962962962963
all+abcd_v2,2,raw,xgb,"n=200,d=3,lr=0.05",all,130,0.695,0.7161446225692036,0.7161904761904762
all+melnv,2,raw,lgbm,"n=300,lv=15,lr=0.05",all,180,0.6933333333333334,0.711406291090395,0.7159788359788358
all+abcd_v2,2,raw,lgbm,"n=300,lv=7,lr=0.03",100,130,0.6933333333333334,0.7104019986372928,0.7157671957671958
contrast+boundary+melnv,3,raw,lgbm,"n=300,lv=15,lr=0.05",all,129,0.705,0.7221963414816676,0.7157671957671958
contrast+boundary+melnv,3,raw,xgb,"n=200,d=3,lr=0.05",100,129,0.7083333333333334,0.724112531418057,0.7156613756613757
all+melnv,2,raw,lgbm,"n=300,lv=15,lr=0.05",100,180,0.71,0.7173040248921008,0.7155555555555555
abcd_v2,1,raw,lgbm,"n=300,lv=7,lr=0.03",100,27,0.6733333333333333,0.6925740598519264,0.7151851851851853
all+contrast+melnv,3,raw,lgbm,"n=300,lv=7,lr=0.03",all,214,0.7016666666666667,0.712980908004999,0.7151851851851853
abcd_v2,1,raw,lgbm,"n=300,lv=7,lr=0.03",all,27,0.6733333333333333,0.6925740598519264,0.7151851851851853
abcd_v2+boundary,2,raw,lgbm,"n=300,lv=7,lr=0.03",all,45,0.68,0.6948623795257179,0.7141798941798942
abcd_v2+boundary,2,raw,lgbm,"n=300,lv=7,lr=0.03",100,45,0.68,0.6948623795257179,0.7141798941798942
abcd_v2+melnv,2,raw,lgbm,"n=300,lv=7,lr=0.03",100,104,0.69,0.7049139176176737,0.7138095238095238
contrast+boundary,2,raw,lgbm,"n=300,lv=7,lr=0.03",100,52,0.69,0.7157248262369557,0.7138095238095238
contrast+boundary,2,raw,lgbm,"n=300,lv=7,lr=0.03",all,52,0.69,0.7157248262369557,0.7138095238095238
all+abcd_v2,2,raw,lgbm,"n=200,lv=7,lr=0.05",100,130,0.6933333333333334,0.7104405713187326,0.7136507936507938
contrast+boundary+melnv,3,raw,xgb,"n=200,d=3,lr=0.05",all,129,0.7066666666666667,0.7212803669823148,0.7131216931216932
contrast+boundary+melnv,3,raw,xgb,"n=300,d=3,lr=0.03",all,129,0.7083333333333334,0.721659169739913,0.7130687830687831
contrast+abcd_v2+boundary+melnv,4,raw,lgbm,"n=300,lv=7,lr=0.03",100,156,0.685,0.704494867802072,0.713015873015873
all+boundary+melnv,3,raw,lgbm,"n=300,lv=15,lr=0.05",all,198,0.695,0.7093766399838133,0.7126455026455026
contrast+abcd_v2+boundary+melnv,4,raw,lgbm,"n=300,lv=15,lr=0.05",100,156,0.695,0.7071434106496817,0.7121693121693121
contrast+boundary+melnv,3,raw,lgbm,"n=200,lv=7,lr=0.05",100,129,0.7066666666666667,0.7174600474026264,0.7121693121693121
all+boundary,2,raw,lgbm,"n=200,lv=7,lr=0.05",all,121,0.7083333333333334,0.7197756750498691,0.7114285714285714
contrast+boundary,2,raw,xgb,"n=150,d=2,lr=0.05",all,52,0.6883333333333334,0.7084227828566606,0.7112698412698414
contrast+boundary,2,raw,xgb,"n=150,d=2,lr=0.05",100,52,0.6883333333333334,0.7084227828566606,0.7112698412698414
all+abcd_v2+melnv,3,raw,lgbm,"n=300,lv=7,lr=0.03",all,207,0.69,0.7091802349697088,0.7111640211640212
abcd_v2+melnv,2,raw,lgbm,"n=200,lv=7,lr=0.05",all,104,0.695,0.7087527915951449,0.7105291005291005
all+abcd_v2+boundary,3,raw,lgbm,"n=200,lv=7,lr=0.05",all,148,0.6916666666666667,0.7074684829378196,0.7099470899470899
contrast+melnv,2,raw,lgbm,"n=300,lv=15,lr=0.05",100,111,0.7,0.7133640772321473,0.7093650793650794
all+melnv,2,raw,lgbm,"n=300,lv=7,lr=0.03",all,180,0.685,0.7027249593044465,0.7092592592592593
abcd_v2,1,raw,xgb,"n=300,d=3,lr=0.03",all,27,0.675,0.6945388378954201,0.7089947089947088
abcd_v2,1,raw,xgb,"n=300,d=3,lr=0.03",100,27,0.675,0.6945388378954201,0.7089947089947088
all+abcd_v2,2,raw,lgbm,"n=300,lv=15,lr=0.05",all,130,0.6866666666666666,0.7059585942075376,0.7084656084656085
all+abcd_v2,2,raw,lgbm,"n=200,lv=7,lr=0.05",all,130,0.6883333333333334,0.7055484792493875,0.7084126984126984
all+abcd_v2+boundary,3,raw,lgbm,"n=300,lv=7,lr=0.03",all,148,0.6866666666666666,0.7047977702463162,0.7082539682539682
abcd_v2+melnv,2,raw,lgbm,"n=200,lv=7,lr=0.05",100,104,0.69,0.7032341435231126,0.7071957671957673
contrast+melnv,2,raw,xgb,"n=300,d=3,lr=0.03",all,111,0.705,0.7156022239506813,0.7063492063492064
contrast+boundary+melnv,3,raw,lgbm,"n=300,lv=15,lr=0.05",100,129,0.695,0.710722292492938,0.7057671957671957
all+abcd_v2+boundary,3,raw,lgbm,"n=200,lv=7,lr=0.05",100,148,0.69,0.7077848359080557,0.7057671957671957
contrast+melnv,2,raw,xgb,"n=200,d=3,lr=0.05",100,111,0.7033333333333334,0.7134131871090976,0.7057142857142856
contrast+melnv,2,raw,lgbm,"n=200,lv=7,lr=0.05",all,111,0.6983333333333334,0.7127576376525072,0.7053968253968255
all,1,raw,xgb,"n=150,d=2,lr=0.05",all,103,0.6966666666666667,0.7070387148845323,0.7050793650793651
abcd_v2+boundary,2,raw,xgb,"n=300,d=3,lr=0.03",100,45,0.6866666666666666,0.6985085904985985,0.7049735449735449
abcd_v2+boundary,2,raw,xgb,"n=300,d=3,lr=0.03",all,45,0.6866666666666666,0.6985085904985985,0.7049735449735449
all,1,raw,xgb,"n=300,d=3,lr=0.03",all,103,0.7066666666666667,0.7154366607017241,0.7046560846560848
all+abcd_v2+boundary,3,raw,lgbm,"n=300,lv=15,lr=0.05",all,148,0.685,0.7027764923260836,0.704074074074074
all,1,raw,xgb,"n=150,d=2,lr=0.05",100,103,0.69,0.7034115582196107,0.7039153439153439
contrast+boundary+melnv,3,raw,lgbm,"n=300,lv=7,lr=0.03",all,129,0.69,0.7100021208142122,0.7031746031746032
all+contrast+abcd_v2+boundary,4,raw,lgbm,"n=300,lv=15,lr=0.05",100,182,0.685,0.7042043669052659,0.7031216931216931
contrast+boundary+melnv,3,raw,lgbm,"n=300,lv=7,lr=0.03",100,129,0.7033333333333334,0.7141847784241816,0.7028571428571428
contrast+melnv,2,raw,lgbm,"n=300,lv=15,lr=0.05",all,111,0.6916666666666667,0.7074951192598252,0.7021164021164021
all+contrast+abcd_v2+boundary,4,raw,lgbm,"n=200,lv=7,lr=0.05",100,182,0.68,0.7007068394497408,0.7019047619047619
abcd_v2,1,raw,xgb,"n=200,d=3,lr=0.05",100,27,0.6733333333333333,0.6885946815961576,0.7017460317460319
abcd_v2,1,raw,xgb,"n=200,d=3,lr=0.05",all,27,0.6733333333333333,0.6885946815961576,0.7017460317460319
abcd_v2+boundary,2,raw,lgbm,"n=300,lv=15,lr=0.05",all,45,0.6766666666666666,0.693888673812863,0.7011111111111111
abcd_v2+boundary,2,raw,lgbm,"n=300,lv=15,lr=0.05",100,45,0.6766666666666666,0.693888673812863,0.7011111111111111
abcd_v2+melnv,2,raw,lgbm,"n=300,lv=15,lr=0.05",100,104,0.68,0.6960853775157877,0.701005291005291
contrast+boundary,2,raw,xgb,"n=300,d=3,lr=0.03",all,52,0.6866666666666666,0.7104842313745086,0.7007407407407408
contrast+boundary,2,raw,xgb,"n=300,d=3,lr=0.03",100,52,0.6866666666666666,0.7104842313745086,0.7007407407407408
contrast+melnv,2,raw,lgbm,"n=300,lv=7,lr=0.03",all,111,0.7016666666666667,0.7097384967258799,0.7005820105820106
all+boundary,2,raw,xgb,"n=300,d=3,lr=0.03",100,121,0.7016666666666667,0.7077436114428077,0.7001587301587301
abcd_v2+boundary+melnv,3,raw,lgbm,"n=300,lv=15,lr=0.05",all,122,0.68,0.6976283302799526,0.7000529100529101
abcd_v2+boundary,2,raw,lgbm,"n=200,lv=7,lr=0.05",100,45,0.6766666666666666,0.6918740876017981,0.6994708994708995
abcd_v2+boundary,2,raw,lgbm,"n=200,lv=7,lr=0.05",all,45,0.6766666666666666,0.6918740876017981,0.6994708994708995
all+boundary,2,raw,xgb,"n=200,d=3,lr=0.05",100,121,0.7066666666666667,0.7128378945861642,0.6994708994708994
all,1,raw,xgb,"n=300,d=3,lr=0.03",100,103,0.7016666666666667,0.709090629048372,0.699206349206349
all+boundary,2,raw,xgb,"n=200,d=3,lr=0.05",all,121,0.7016666666666667,0.7067923526274805,0.6966137566137567
abcd_v2+boundary,2,raw,xgb,"n=200,d=3,lr=0.05",100,45,0.6783333333333333,0.6891533532166161,0.6963492063492064
abcd_v2+boundary,2,raw,xgb,"n=200,d=3,lr=0.05",all,45,0.6783333333333333,0.6891533532166161,0.6963492063492064
contrast+melnv,2,raw,xgb,"n=200,d=3,lr=0.05",all,111,0.6983333333333334,0.7098894092898144,0.6962433862433862
abcd_v2,1,raw,lgbm,"n=200,lv=7,lr=0.05",100,27,0.6716666666666666,0.6865114186464637,0.695925925925926
abcd_v2,1,raw,lgbm,"n=200,lv=7,lr=0.05",all,27,0.6716666666666666,0.6865114186464637,0.695925925925926
all+boundary,2,raw,lgbm,"n=300,lv=7,lr=0.03",100,121,0.6983333333333334,0.7004120245653458,0.6948677248677249
contrast+boundary,2,raw,xgb,"n=200,d=3,lr=0.05",all,52,0.6883333333333334,0.7099219946425736,0.6947619047619048
contrast+boundary,2,raw,xgb,"n=200,d=3,lr=0.05",100,52,0.6883333333333334,0.7099219946425736,0.6947619047619048
abcd_v2+melnv,2,raw,lgbm,"n=300,lv=15,lr=0.05",all,104,0.675,0.690560634957677,0.6941269841269841
all+boundary,2,raw,lgbm,"n=300,lv=15,lr=0.05",100,121,0.6916666666666667,0.701575927203009,0.6917989417989419
abcd_v2,1,raw,lgbm,"n=300,lv=15,lr=0.05",all,27,0.67,0.6854255015024985,0.6917460317460318
abcd_v2,1,raw,lgbm,"n=300,lv=15,lr=0.05",100,27,0.67,0.6854255015024985,0.6917460317460318
all,1,raw,lgbm,"n=200,lv=7,lr=0.05",100,103,0.685,0.6981968977939341,0.6915873015873015
contrast,1,raw,xgb,"n=150,d=2,lr=0.05",all,34,0.6633333333333333,0.6906066090057363,0.6912698412698411
contrast,1,raw,xgb,"n=150,d=2,lr=0.05",100,34,0.6633333333333333,0.6906066090057363,0.6912698412698411
all+boundary,2,raw,lgbm,"n=200,lv=7,lr=0.05",100,121,0.69,0.6969944777729005,0.6911640211640212
all,1,raw,xgb,"n=200,d=3,lr=0.05",all,103,0.6966666666666667,0.7067412389547579,0.6908994708994709
melnv,1,raw,xgb,"n=150,d=2,lr=0.05",all,77,0.6833333333333333,0.6893430604112023,0.6905291005291007
melnv,1,raw,xgb,"n=150,d=2,lr=0.05",100,77,0.6833333333333333,0.6893430604112023,0.6905291005291007
contrast+boundary,2,raw,lgbm,"n=300,lv=15,lr=0.05",all,52,0.68,0.7013253095542898,0.6903703703703704
contrast+boundary,2,raw,lgbm,"n=300,lv=15,lr=0.05",100,52,0.68,0.7013253095542898,0.6903703703703704
all,1,raw,xgb,"n=200,d=3,lr=0.05",100,103,0.6966666666666667,0.7033035889464102,0.6899470899470899
all,1,raw,lgbm,"n=200,lv=7,lr=0.05",all,103,0.68,0.6955082922520699,0.6877777777777778
contrast+boundary,2,raw,lgbm,"n=200,lv=7,lr=0.05",all,52,0.6766666666666666,0.6973962608299132,0.6876719576719577
contrast+boundary,2,raw,lgbm,"n=200,lv=7,lr=0.05",100,52,0.6766666666666666,0.6973962608299132,0.6876719576719577
all,1,raw,lgbm,"n=300,lv=7,lr=0.03",all,103,0.675,0.6902239374880884,0.6865608465608465
melnv,1,raw,lgbm,"n=300,lv=15,lr=0.05",100,77,0.68,0.6851249719706095,0.6814285714285715
melnv,1,raw,lgbm,"n=300,lv=15,lr=0.05",all,77,0.68,0.6851249719706095,0.6814285714285715
contrast,1,raw,lgbm,"n=300,lv=7,lr=0.03",all,34,0.6383333333333333,0.6731821938745349,0.6783597883597885
contrast,1,raw,lgbm,"n=300,lv=7,lr=0.03",100,34,0.6383333333333333,0.6731821938745349,0.6783597883597885
all+boundary,2,raw,lgbm,"n=300,lv=7,lr=0.03",all,121,0.68,0.6813273510805541,0.6746031746031745
all+boundary,2,raw,lgbm,"n=300,lv=15,lr=0.05",all,121,0.6716666666666666,0.6852142605772618,0.6737566137566139
melnv,1,raw,lgbm,"n=200,lv=7,lr=0.05",all,77,0.6733333333333333,0.6759296111643597,0.6737037037037036
melnv,1,raw,lgbm,"n=200,lv=7,lr=0.05",100,77,0.6733333333333333,0.6759296111643597,0.6737037037037036
boundary+melnv,2,raw,xgb,"n=150,d=2,lr=0.05",100,95,0.67,0.672573137735534,0.6726984126984127
boundary+melnv,2,raw,xgb,"n=150,d=2,lr=0.05",all,95,0.67,0.672573137735534,0.6726984126984127
all,1,raw,lgbm,"n=300,lv=15,lr=0.05",100,103,0.67,0.6793217006416036,0.6714285714285714
contrast,1,raw,xgb,"n=300,d=3,lr=0.03",all,34,0.645,0.6807946166972535,0.6705291005291004
contrast,1,raw,xgb,"n=300,d=3,lr=0.03",100,34,0.645,0.6807946166972535,0.6705291005291004
all,1,raw,lgbm,"n=300,lv=7,lr=0.03",100,103,0.6683333333333333,0.6794911841157966,0.6696296296296295
all,1,raw,lgbm,"n=300,lv=15,lr=0.05",all,103,0.67,0.6770368215459346,0.6693121693121693
boundary+melnv,2,raw,lgbm,"n=300,lv=7,lr=0.03",100,95,0.6683333333333333,0.6737646556317939,0.6686772486772486
boundary+melnv,2,raw,lgbm,"n=300,lv=7,lr=0.03",all,95,0.6683333333333333,0.6737646556317939,0.6686772486772486
boundary+melnv,2,raw,xgb,"n=200,d=3,lr=0.05",all,95,0.6716666666666666,0.6760737152254359,0.6674074074074073
boundary+melnv,2,raw,xgb,"n=200,d=3,lr=0.05",100,95,0.6716666666666666,0.6760737152254359,0.6674074074074073
contrast,1,raw,lgbm,"n=300,lv=15,lr=0.05",100,34,0.6433333333333333,0.6788582286525556,0.6672486772486773
contrast,1,raw,lgbm,"n=300,lv=15,lr=0.05",all,34,0.6433333333333333,0.6788582286525556,0.6672486772486773
melnv,1,raw,xgb,"n=300,d=3,lr=0.03",100,77,0.6766666666666666,0.6784147584595113,0.666031746031746
melnv,1,raw,xgb,"n=300,d=3,lr=0.03",all,77,0.6766666666666666,0.6784147584595113,0.666031746031746
melnv,1,raw,lgbm,"n=300,lv=7,lr=0.03",100,77,0.6733333333333333,0.6708554618198314,0.6659259259259259
melnv,1,raw,lgbm,"n=300,lv=7,lr=0.03",all,77,0.6733333333333333,0.6708554618198314,0.6659259259259259
melnv,1,raw,xgb,"n=200,d=3,lr=0.05",all,77,0.67,0.6739027972926271,0.6643915343915343
melnv,1,raw,xgb,"n=200,d=3,lr=0.05",100,77,0.67,0.6739027972926271,0.6643915343915343
boundary+melnv,2,raw,xgb,"n=300,d=3,lr=0.03",all,95,0.6683333333333333,0.6741961608082346,0.6635449735449735
boundary+melnv,2,raw,xgb,"n=300,d=3,lr=0.03",100,95,0.6683333333333333,0.6741961608082346,0.6635449735449735
boundary+melnv,2,raw,lgbm,"n=300,lv=15,lr=0.05",100,95,0.67,0.6727900103748846,0.6598941798941799
boundary+melnv,2,raw,lgbm,"n=300,lv=15,lr=0.05",all,95,0.67,0.6727900103748846,0.6598941798941799
contrast,1,raw,xgb,"n=200,d=3,lr=0.05",100,34,0.63,0.6692026594217504,0.6591005291005291
contrast,1,raw,xgb,"n=200,d=3,lr=0.05",all,34,0.63,0.6692026594217504,0.6591005291005291
boundary+melnv,2,raw,lgbm,"n=200,lv=7,lr=0.05",all,95,0.6583333333333333,0.6569027673411075,0.6544973544973546
boundary+melnv,2,raw,lgbm,"n=200,lv=7,lr=0.05",100,95,0.6583333333333333,0.6569027673411075,0.6544973544973546
contrast,1,raw,lgbm,"n=200,lv=7,lr=0.05",100,34,0.625,0.6603220968096745,0.6526984126984127
contrast,1,raw,lgbm,"n=200,lv=7,lr=0.05",all,34,0.625,0.6603220968096745,0.6526984126984127
boundary,1,raw,xgb,"n=150,d=2,lr=0.05",100,18,0.49833333333333335,0.4883711505288813,0.5291534391534392
boundary,1,raw,xgb,"n=150,d=2,lr=0.05",all,18,0.49833333333333335,0.4883711505288813,0.5291534391534392
boundary,1,raw,lgbm,"n=300,lv=7,lr=0.03",all,18,0.5216666666666666,0.4990745735289503,0.5202116402116402
boundary,1,raw,lgbm,"n=300,lv=7,lr=0.03",100,18,0.5216666666666666,0.4990745735289503,0.5202116402116402
boundary,1,raw,xgb,"n=300,d=3,lr=0.03",100,18,0.5216666666666666,0.49743014142671765,0.518095238095238
boundary,1,raw,xgb,"n=300,d=3,lr=0.03",all,18,0.5216666666666666,0.49743014142671765,0.518095238095238
boundary,1,raw,xgb,"n=200,d=3,lr=0.05",100,18,0.52,0.49434012125437393,0.512962962962963
boundary,1,raw,xgb,"n=200,d=3,lr=0.05",all,18,0.52,0.49434012125437393,0.512962962962963
boundary,1,raw,lgbm,"n=200,lv=7,lr=0.05",all,18,0.5216666666666666,0.48902623414957375,0.5015873015873016
boundary,1,raw,lgbm,"n=200,lv=7,lr=0.05",100,18,0.5216666666666666,0.48902623414957375,0.5015873015873016
boundary,1,raw,lgbm,"n=300,lv=15,lr=0.05",all,18,0.5266666666666666,0.485190245364615,0.48957671957671955
boundary,1,raw,lgbm,"n=300,lv=15,lr=0.05",100,18,0.5266666666666666,0.485190245364615,0.48957671957671955
